{
  "co2_emission": 30525142.426365703,
  "nox_emission": 12976.663461960497,
  "pmx_emission": 617.015796170137,
  "fuel_comsumption": 77745.68650145573,
  "total_waiting_time": 8908.0,
  "total_speed": 1208.0541658595635,
  "avg_speed": 8.106744255134176,
  "avg_route_end_time": 56.445945945945944,
  "total_routes_time": 4177,
  "ended_routes": 74
}