{
  "co2_emission": 31959461.82152991,
  "nox_emission": 13553.569938756207,
  "pmx_emission": 644.2487453080553,
  "fuel_comsumption": 137445.17380477212,
  "total_waiting_time": 17122.0,
  "total_speed": 1238.9159428507792,
  "avg_speed": 8.316649242414513,
  "avg_route_end_time": 57.03174603174603,
  "total_routes_time": 3593,
  "ended_routes": 63
}