{
  "co2_emission": 30714761.89709954,
  "nox_emission": 13091.172676871787,
  "pmx_emission": 622.5068143548972,
  "fuel_comsumption": 106178.2777594781,
  "total_waiting_time": 19843.0,
  "total_speed": 1125.081824611911,
  "avg_speed": 7.5507345396402314,
  "avg_route_end_time": 57.233333333333334,
  "total_routes_time": 3434,
  "ended_routes": 60
}