{
  "co2_emission": 30947717.343481194,
  "nox_emission": 13156.973791857185,
  "pmx_emission": 625.7890958611654,
  "fuel_comsumption": 114544.35437230956,
  "total_waiting_time": 16377.0,
  "total_speed": 1175.6068217962877,
  "avg_speed": 7.895620950413028,
  "avg_route_end_time": 62.971014492753625,
  "total_routes_time": 4345,
  "ended_routes": 69
}