{
  "co2_emission": 31142733.96164459,
  "nox_emission": 13237.535315613803,
  "pmx_emission": 628.9519803660288,
  "fuel_comsumption": 93682.88861047178,
  "total_waiting_time": 19254.0,
  "total_speed": 1178.2718220620438,
  "avg_speed": 7.898937487779009,
  "avg_route_end_time": 62.90163934426229,
  "total_routes_time": 3837,
  "ended_routes": 61
}