{
  "co2_emission": 30078847.33450973,
  "nox_emission": 12797.66256517063,
  "pmx_emission": 606.5853659521562,
  "fuel_comsumption": 96604.4392275197,
  "total_waiting_time": 35623.0,
  "total_speed": 1114.234468359478,
  "avg_speed": 7.48043524631189,
  "avg_route_end_time": 58.507246376811594,
  "total_routes_time": 4037,
  "ended_routes": 69
}