{
  "avg_speed": 5.712034164673419,
  "edges_waiting_time": {
    "total_waiting_time": 1506.0,
    "1": 0.0,
    "10": 18.0,
    "11": 746.0,
    "12": 0.0,
    "13": 0.0,
    "14": 0.0,
    "15": 0.0,
    "16": 0.0,
    "17": 117.0,
    "18": 0.0,
    "19": 0.0,
    "2": 469.0,
    "20": 3.0,
    "21": 0.0,
    "22": 0.0,
    "23": 0.0,
    "24": 0.0,
    "25": 0.0,
    "26": 0.0,
    "27": 0.0,
    "28": 0.0,
    "3": 0.0,
    "4": 0.0,
    "5": 0.0,
    "6": 19.0,
    "7": 0.0,
    "8": 0.0,
    "9": 0.0,
    ":0_0": 0.0,
    ":0_10": 0.0,
    ":0_11": 0.0,
    ":0_12": 0.0,
    ":0_13": 0.0,
    ":0_2": 0.0,
    ":0_3": 0.0,
    ":0_4": 0.0,
    ":0_5": 0.0,
    ":0_6": 0.0,
    ":0_7": 0.0,
    ":0_8": 0.0,
    ":1_0": 0.0,
    ":1_10": 0.0,
    ":1_11": 0.0,
    ":1_13": 0.0,
    ":1_14": 0.0,
    ":1_15": 0.0,
    ":1_16": 0.0,
    ":1_17": 0.0,
    ":1_19": 23.0,
    ":1_2": 0.0,
    ":1_20": 0.0,
    ":1_21": 0.0,
    ":1_22": 0.0,
    ":1_23": 0.0,
    ":1_3": 0.0,
    ":1_4": 0.0,
    ":1_5": 0.0,
    ":1_6": 0.0,
    ":1_8": 0.0,
    ":1_9": 0.0,
    ":2_0": 0.0,
    ":2_1": 0.0,
    ":2_10": 0.0,
    ":2_11": 0.0,
    ":2_13": 0.0,
    ":2_14": 0.0,
    ":2_15": 0.0,
    ":2_16": 0.0,
    ":2_18": 0.0,
    ":2_19": 111.0,
    ":2_20": 0.0,
    ":2_21": 0.0,
    ":2_22": 0.0,
    ":2_23": 0.0,
    ":2_3": 0.0,
    ":2_4": 0.0,
    ":2_5": 0.0,
    ":2_6": 0.0,
    ":2_8": 0.0,
    ":2_9": 0.0,
    ":3_0": 0.0,
    ":3_1": 0.0,
    ":3_10": 0.0,
    ":3_11": 0.0,
    ":3_13": 0.0,
    ":3_14": 0.0,
    ":3_15": 0.0,
    ":3_16": 0.0,
    ":3_18": 0.0,
    ":3_19": 0.0,
    ":3_20": 0.0,
    ":3_21": 0.0,
    ":3_22": 0.0,
    ":3_23": 0.0,
    ":3_3": 0.0,
    ":3_4": 0.0,
    ":3_5": 0.0,
    ":3_6": 0.0,
    ":3_8": 0.0,
    ":3_9": 0.0,
    ":4_0": 0.0,
    ":5_0": 0.0,
    ":5_2": 0.0,
    ":6_0": 0.0,
    ":6_2": 0.0,
    ":7_0": 0.0,
    ":7_1": 0.0,
    ":7_10": 0.0,
    ":7_11": 0.0,
    ":7_12": 0.0,
    ":7_13": 0.0,
    ":7_2": 0.0,
    ":7_3": 0.0,
    ":7_4": 0.0,
    ":7_6": 0.0,
    ":7_7": 0.0,
    ":7_9": 0.0,
    ":8_0": 0.0,
    ":8_1": 0.0,
    ":8_10": 0.0,
    ":8_11": 0.0,
    ":8_12": 0.0,
    ":8_13": 0.0,
    ":8_3": 0.0,
    ":8_4": 0.0,
    ":8_6": 0.0,
    ":8_7": 0.0,
    ":8_8": 0.0,
    ":8_9": 0.0,
    ":9_0": 0.0,
    ":9_2": 0.0
  },
  "edges_fuel_consumption": {
    "1": 1334.8462790487467,
    "10": 4172.055762928203,
    "11": 11721.002290773997,
    "12": 2280.352356234988,
    "13": 0.0,
    "14": 7166.3328317175365,
    "15": 0.0,
    "16": 0.0,
    "17": 5242.39380860209,
    "18": 498.66165600764657,
    "19": 1212.4110686640308,
    "2": 11564.777804103682,
    "20": 837.1555358556288,
    "21": 2497.6769173711864,
    "22": 0.0,
    "23": 1693.5306751995986,
    "24": 1443.4826988051211,
    "25": 11921.260061932515,
    "26": 0.0,
    "27": 1042.5829211642144,
    "28": 4295.523034706042,
    "3": 3955.1009750824787,
    "4": 2512.396380722189,
    "5": 0.0,
    "6": 837.2222222222222,
    "7": 0.0,
    "8": 0.0,
    "9": 2335.209840108353,
    ":0_0": 0.0,
    ":0_10": 0.0,
    ":0_11": 0.0,
    ":0_12": 0.0,
    ":0_13": 0.0,
    ":0_2": 0.0,
    ":0_3": 0.0,
    ":0_4": 0.0,
    ":0_5": 0.0,
    ":0_6": 0.0,
    ":0_7": 0.0,
    ":0_8": 0.0,
    ":1_0": 2162.0753888226723,
    ":1_10": 0.0,
    ":1_11": 0.0,
    ":1_13": 0.0,
    ":1_14": 0.0,
    ":1_15": 0.0,
    ":1_16": 0.0,
    ":1_17": 0.0,
    ":1_19": 837.2222222222222,
    ":1_2": 0.0,
    ":1_20": 0.0,
    ":1_21": 0.0,
    ":1_22": 0.0,
    ":1_23": 0.0,
    ":1_3": 0.0,
    ":1_4": 0.0,
    ":1_5": 0.0,
    ":1_6": 0.0,
    ":1_8": 0.0,
    ":1_9": 0.0,
    ":2_0": 1725.6728691769342,
    ":2_1": 0.0,
    ":2_10": 0.0,
    ":2_11": 0.0,
    ":2_13": 1541.0857279306924,
    ":2_14": 0.0,
    ":2_15": 0.0,
    ":2_16": 0.0,
    ":2_18": 0.0,
    ":2_19": 837.2222222222222,
    ":2_20": 0.0,
    ":2_21": 0.0,
    ":2_22": 0.0,
    ":2_23": 0.0,
    ":2_3": 0.0,
    ":2_4": 0.0,
    ":2_5": 0.0,
    ":2_6": 0.0,
    ":2_8": 0.0,
    ":2_9": 0.0,
    ":3_0": 0.0,
    ":3_1": 0.0,
    ":3_10": 0.0,
    ":3_11": 0.0,
    ":3_13": 0.0,
    ":3_14": 0.0,
    ":3_15": 1617.829602409882,
    ":3_16": 1878.7393253413366,
    ":3_18": 0.0,
    ":3_19": 0.0,
    ":3_20": 0.0,
    ":3_21": 0.0,
    ":3_22": 0.0,
    ":3_23": 0.0,
    ":3_3": 0.0,
    ":3_4": 0.0,
    ":3_5": 0.0,
    ":3_6": 0.0,
    ":3_8": 0.0,
    ":3_9": 0.0,
    ":4_0": 0.0,
    ":5_0": 0.0,
    ":5_2": 0.0,
    ":6_0": 0.0,
    ":6_2": 0.0,
    ":7_0": 0.0,
    ":7_1": 0.0,
    ":7_10": 0.0,
    ":7_11": 0.0,
    ":7_12": 1877.9014526547028,
    ":7_13": 0.0,
    ":7_2": 0.0,
    ":7_3": 0.0,
    ":7_4": 0.0,
    ":7_6": 0.0,
    ":7_7": 1082.5194696854305,
    ":7_9": 0.0,
    ":8_0": 0.0,
    ":8_1": 0.0,
    ":8_10": 0.0,
    ":8_11": 0.0,
    ":8_12": 0.0,
    ":8_13": 0.0,
    ":8_3": 0.0,
    ":8_4": 0.0,
    ":8_6": 0.0,
    ":8_7": 0.0,
    ":8_8": 0.0,
    ":8_9": 0.0,
    ":9_0": 0.0,
    ":9_2": 0.0
  },
  "edges_avg_speed": {
    "1": 9.443755640566815,
    "10": 3.2768548175689016,
    "11": 0.9268382140174726,
    "12": 13.57518828404901,
    "13": 13.16649792816682,
    "14": 12.881997977538067,
    "15": 13.38893945030164,
    "16": 13.011147667052896,
    "17": 2.9524879321964996,
    "18": 13.07804284094954,
    "19": 12.847893576630039,
    "2": 0.7226912535940452,
    "20": 6.950799853499242,
    "21": 13.057930261763296,
    "22": 13.9,
    "23": 13.92568410090534,
    "24": 13.866480780463124,
    "25": 5.250224112084722,
    "26": 11.573956928750503,
    "27": 14.295948097943178,
    "28": 8.90097600361286,
    "3": 12.093616101244445,
    "4": 9.231096618105788,
    "5": 10.280433973065367,
    "6": 6.95,
    "7": 13.9,
    "8": 13.9,
    "9": 11.981584888089673,
    ":0_0": 13.9,
    ":0_10": 3.65,
    ":0_11": 12.95,
    ":0_12": 3.65,
    ":0_13": 3.65,
    ":0_2": 12.95,
    ":0_3": 3.65,
    ":0_4": 11.1,
    ":0_5": 8.13,
    ":0_6": 3.65,
    ":0_7": 5.47,
    ":0_8": 13.9,
    ":1_0": 10.634669362180318,
    ":1_10": 7.87,
    ":1_11": 13.9,
    ":1_13": 8.81,
    ":1_14": 3.65,
    ":1_15": 5.69,
    ":1_16": 13.9,
    ":1_17": 13.9,
    ":1_19": 0.0,
    ":1_2": 13.9,
    ":1_20": 13.9,
    ":1_21": 8.32,
    ":1_22": 3.65,
    ":1_23": 3.65,
    ":1_3": 8.32,
    ":1_4": 3.65,
    ":1_5": 5.54,
    ":1_6": 13.9,
    ":1_8": 10.26,
    ":1_9": 3.65,
    ":2_0": 9.151301253871097,
    ":2_1": 13.9,
    ":2_10": 13.9,
    ":2_11": 13.9,
    ":2_13": 5.437662532293985,
    ":2_14": 3.65,
    ":2_15": 5.82,
    ":2_16": 13.9,
    ":2_18": 13.9,
    ":2_19": 0.0,
    ":2_20": 13.9,
    ":2_21": 3.65,
    ":2_22": 13.9,
    ":2_23": 3.65,
    ":2_3": 7.93,
    ":2_4": 3.65,
    ":2_5": 5.46,
    ":2_6": 13.9,
    ":2_8": 13.9,
    ":2_9": 3.65,
    ":3_0": 13.2,
    ":3_1": 13.9,
    ":3_10": 5.46,
    ":3_11": 13.9,
    ":3_13": 10.03,
    ":3_14": 3.65,
    ":3_15": 6.810912416250475,
    ":3_16": 9.165097394319098,
    ":3_18": 13.9,
    ":3_19": 3.65,
    ":3_20": 13.9,
    ":3_21": 3.65,
    ":3_22": 10.03,
    ":3_23": 3.65,
    ":3_3": 13.9,
    ":3_4": 3.65,
    ":3_5": 13.77,
    ":3_6": 13.57,
    ":3_8": 7.92,
    ":3_9": 3.65,
    ":4_0": 3.65,
    ":5_0": 8.36,
    ":5_2": 5.115,
    ":6_0": 8.475,
    ":6_2": 5.075,
    ":7_0": 12.02,
    ":7_1": 7.78,
    ":7_10": 3.65,
    ":7_11": 3.65,
    ":7_12": 5.75395800235772,
    ":7_13": 3.65,
    ":7_2": 3.65,
    ":7_3": 5.51,
    ":7_4": 13.9,
    ":7_6": 3.65,
    ":7_7": 8.053747291431915,
    ":7_9": 13.68,
    ":8_0": 11.64,
    ":8_1": 13.9,
    ":8_10": 3.65,
    ":8_11": 3.65,
    ":8_12": 7.61,
    ":8_13": 3.65,
    ":8_3": 3.65,
    ":8_4": 13.9,
    ":8_6": 7.61,
    ":8_7": 3.65,
    ":8_8": 5.65,
    ":8_9": 13.26,
    ":9_0": 8.33,
    ":9_2": 5.0
  }
}