{
  "co2_emission": 30087309.04806176,
  "nox_emission": 12774.6625142729,
  "pmx_emission": 606.8101983822681,
  "fuel_comsumption": 95767.04661916102,
  "total_waiting_time": 15730.0,
  "total_speed": 1208.7449171054643,
  "avg_speed": 8.106983677414172,
  "avg_route_end_time": 56.07692307692308,
  "total_routes_time": 3645,
  "ended_routes": 65
}