{
  "co2_emission": 31358188.197922625,
  "nox_emission": 13387.068802053913,
  "pmx_emission": 641.4859069863105,
  "fuel_comsumption": 102889.43876090308,
  "total_waiting_time": 37578.0,
  "total_speed": 1104.688602968832,
  "avg_speed": 7.398499041909384,
  "avg_route_end_time": 63.75438596491228,
  "total_routes_time": 3634,
  "ended_routes": 57
}