{
  "co2_emission": 31027891.789624795,
  "nox_emission": 13188.704078176628,
  "pmx_emission": 626.2398329933776,
  "fuel_comsumption": 97003.27663433102,
  "total_waiting_time": 13964.0,
  "total_speed": 1215.8218453737056,
  "avg_speed": 8.16217500718335,
  "avg_route_end_time": 56.128571428571426,
  "total_routes_time": 3929,
  "ended_routes": 70
}