{
  "co2_emission": 29172017.668788802,
  "nox_emission": 12571.6826035714,
  "pmx_emission": 613.1655811961415,
  "fuel_comsumption": 100034.12748025531,
  "total_waiting_time": 94231.0,
  "total_speed": 951.2008284354786,
  "avg_speed": 6.364416752586193,
  "avg_route_end_time": 52.15384615384615,
  "total_routes_time": 2034,
  "ended_routes": 39
}