{
  "co2_emission": 30601306.716312986,
  "nox_emission": 13011.57799997681,
  "pmx_emission": 619.3120201805909,
  "fuel_comsumption": 92820.43613919096,
  "total_waiting_time": 22094.0,
  "total_speed": 1208.685019639156,
  "avg_speed": 8.104957340056414,
  "avg_route_end_time": 58.18181818181818,
  "total_routes_time": 3840,
  "ended_routes": 66
}