{
  "co2_emission": 31149478.788599856,
  "nox_emission": 13267.828457377991,
  "pmx_emission": 632.3753219756164,
  "fuel_comsumption": 107768.39506479084,
  "total_waiting_time": 27445.0,
  "total_speed": 1154.8493967311877,
  "avg_speed": 7.7440791342344335,
  "avg_route_end_time": 58.50847457627118,
  "total_routes_time": 3452,
  "ended_routes": 59
}